{"cameraMode":{"drawMode":0,"name":"Shaded","section":"Shading Mode"},"sceneLighting":false,"audioPlay":false,"sceneViewState":{"showFog":true,"showMaterialUpdate":false,"showSkybox":false,"showFlares":true,"showImageEffects":true,"showParticleSystems":true},"in2DMode":false,"pivot":{"x":-0.6108372211456299,"y":0.7108644247055054,"z":-0.7075138092041016},"rotation":{"x":-0.06253496557474137,"y":0.9330781698226929,"z":-0.1991802603006363,"w":-0.2929323613643646},"size":2.4247448444366457,"orthographic":false}