{"cameraMode":{"drawMode":0,"name":"Shaded","section":"Shading Mode"},"sceneLighting":false,"audioPlay":false,"sceneViewState":{"showFog":true,"showMaterialUpdate":false,"showSkybox":false,"showFlares":true,"showImageEffects":true,"showParticleSystems":true},"in2DMode":false,"pivot":{"x":3.971114158630371,"y":-3.0860424041748049,"z":0.3994174003601074},"rotation":{"x":-0.13741154968738557,"y":-0.6651339530944824,"z":0.12640641629695893,"w":-0.7230252623558044},"size":5.833559989929199,"orthographic":false}