{"cameraMode":{"drawMode":0,"name":"Shaded","section":"Shading Mode"},"sceneLighting":true,"audioPlay":false,"sceneViewState":{"showFog":true,"showMaterialUpdate":false,"showSkybox":true,"showFlares":true,"showImageEffects":true,"showParticleSystems":true},"in2DMode":false,"pivot":{"x":273.7142333984375,"y":150.48252868652345,"z":429.9287109375},"rotation":{"x":-0.09902961552143097,"y":0.04739103466272354,"z":-0.005038395524024963,"w":-0.9941049814224243},"size":525.3893432617188,"orthographic":false}