{"cameraMode":{"drawMode":0,"name":"Shaded","section":"Shading Mode"},"sceneLighting":false,"audioPlay":false,"sceneViewState":{"showFog":true,"showMaterialUpdate":false,"showSkybox":false,"showFlares":true,"showImageEffects":true,"showParticleSystems":true},"in2DMode":false,"pivot":{"x":0.12861692905426026,"y":1.1525914669036866,"z":0.18843817710876466},"rotation":{"x":-0.17496758699417115,"y":0.27589675784111025,"z":-0.051137905567884448,"w":-0.9437633156776428},"size":1.2572290897369385,"orthographic":false}